{
  "Meta_ticker": "TCB",
  "Meta_yearReport": 2025,
  "Meta_lengthReport": 4,
  "Chỉ tiêu cơ cấu nguồn vốn_Debt/Equity": 5.6425323592,
  "Chỉ tiêu cơ cấu nguồn vốn_Fixed Asset-To-Equity": 0.06753669421775453,
  "Chỉ tiêu cơ cấu nguồn vốn_Owners' Equity/Charter Capital": 2.5330983922781707,
  "Chỉ tiêu khả năng sinh lợi_Net Profit Margin (%)": 0.6187963473047176,
  "Chỉ tiêu khả năng sinh lợi_ROE (%)": 0.1544719515,
  "Chỉ tiêu khả năng sinh lợi_ROA (%)": 0.0232967001,
  "Chỉ tiêu thanh khoản_Financial Leverage": 6.642532359155087,
  "Chỉ tiêu định giá_Market Capital (Bn. VND)": 211524276357900,
  "Chỉ tiêu định giá_Outstanding Share (Mil. Shares)": 7086240414,
  "Chỉ tiêu định giá_P/E": 8.3450095041,
  "Chỉ tiêu định giá_P/B": 1.2439348017,
  "Chỉ tiêu định giá_P/S": 3.9617872138,
  "Chỉ tiêu định giá_P/Cash Flow": 5.2862746485,
  "Chỉ tiêu định giá_EPS (VND)": 942.0456560874453,
  "Chỉ tiêu định giá_BVPS (VND)": 23996.4345076481
}